{"modelTopology":{"class_name":"Sequential","config":{"name":"sequential_1","layers":[{"class_name":"Conv2D","config":{"filters":32,"kernel_initializer":{"class_name":"VarianceScaling","config":{"scale":1,"mode":"fan_avg","distribution":"normal","seed":null}},"kernel_regularizer":null,"kernel_constraint":null,"kernel_size":[3,3],"strides":[1,1],"padding":"same","data_format":"channels_last","dilation_rate":[1,1],"activation":"linear","use_bias":false,"bias_initializer":{"class_name":"Zeros","config":{}},"bias_regularizer":null,"activity_regularizer":null,"bias_constraint":null,"name":"conv2d_Conv2D1","trainable":true,"batch_input_shape":[null,200,266,1],"dtype":"float32"}},{"class_name":"BatchNormalization","config":{"axis":-1,"momentum":0.99,"epsilon":0.001,"center":true,"scale":true,"beta_initializer":{"class_name":"Zeros","config":{}},"gamma_initializer":{"class_name":"Ones","config":{}},"moving_mean_initializer":{"class_name":"Zeros","config":{}},"moving_variance_initializer":{"class_name":"Ones","config":{}},"beta_regularizer":null,"gamma_regularizer":null,"beta_constraint":null,"gamma_constraint":null,"name":"batch_normalization_BatchNormalization1","trainable":true}},{"class_name":"LeakyReLU","config":{"alpha":0.1,"name":"leaky_re_lu_LeakyReLU1","trainable":true}},{"class_name":"MaxPooling2D","config":{"pool_size":[2,2],"padding":"valid","strides":[2,2],"data_format":"channels_last","name":"max_pooling2d_MaxPooling2D1","trainable":true}},{"class_name":"Dropout","config":{"rate":0.1,"noise_shape":null,"seed":null,"name":"dropout_Dropout1","trainable":true}},{"class_name":"Conv2D","config":{"filters":64,"kernel_initializer":{"class_name":"VarianceScaling","config":{"scale":1,"mode":"fan_avg","distribution":"normal","seed":null}},"kernel_regularizer":null,"kernel_constraint":null,"kernel_size":[3,3],"strides":[1,1],"padding":"same","data_format":"channels_last","dilation_rate":[1,1],"activation":"linear","use_bias":false,"bias_initializer":{"class_name":"Zeros","config":{}},"bias_regularizer":null,"activity_regularizer":null,"bias_constraint":null,"name":"conv2d_Conv2D2","trainable":true}},{"class_name":"BatchNormalization","config":{"axis":-1,"momentum":0.99,"epsilon":0.001,"center":true,"scale":true,"beta_initializer":{"class_name":"Zeros","config":{}},"gamma_initializer":{"class_name":"Ones","config":{}},"moving_mean_initializer":{"class_name":"Zeros","config":{}},"moving_variance_initializer":{"class_name":"Ones","config":{}},"beta_regularizer":null,"gamma_regularizer":null,"beta_constraint":null,"gamma_constraint":null,"name":"batch_normalization_BatchNormalization2","trainable":true}},{"class_name":"LeakyReLU","config":{"alpha":0.1,"name":"leaky_re_lu_LeakyReLU2","trainable":true}},{"class_name":"MaxPooling2D","config":{"pool_size":[2,2],"padding":"valid","strides":[2,2],"data_format":"channels_last","name":"max_pooling2d_MaxPooling2D2","trainable":true}},{"class_name":"Dropout","config":{"rate":0.1,"noise_shape":null,"seed":null,"name":"dropout_Dropout2","trainable":true}},{"class_name":"Conv2D","config":{"filters":128,"kernel_initializer":{"class_name":"VarianceScaling","config":{"scale":1,"mode":"fan_avg","distribution":"normal","seed":null}},"kernel_regularizer":null,"kernel_constraint":null,"kernel_size":[3,3],"strides":[1,1],"padding":"same","data_format":"channels_last","dilation_rate":[1,1],"activation":"linear","use_bias":false,"bias_initializer":{"class_name":"Zeros","config":{}},"bias_regularizer":null,"activity_regularizer":null,"bias_constraint":null,"name":"conv2d_Conv2D3","trainable":true}},{"class_name":"BatchNormalization","config":{"axis":-1,"momentum":0.99,"epsilon":0.001,"center":true,"scale":true,"beta_initializer":{"class_name":"Zeros","config":{}},"gamma_initializer":{"class_name":"Ones","config":{}},"moving_mean_initializer":{"class_name":"Zeros","config":{}},"moving_variance_initializer":{"class_name":"Ones","config":{}},"beta_regularizer":null,"gamma_regularizer":null,"beta_constraint":null,"gamma_constraint":null,"name":"batch_normalization_BatchNormalization3","trainable":true}},{"class_name":"LeakyReLU","config":{"alpha":0.1,"name":"leaky_re_lu_LeakyReLU3","trainable":true}},{"class_name":"MaxPooling2D","config":{"pool_size":[2,2],"padding":"valid","strides":[2,2],"data_format":"channels_last","name":"max_pooling2d_MaxPooling2D3","trainable":true}},{"class_name":"Dropout","config":{"rate":0.5,"noise_shape":null,"seed":null,"name":"dropout_Dropout3","trainable":true}},{"class_name":"GlobalAveragePooling2D","config":{"data_format":"channels_last","name":"global_average_pooling2d_GlobalAveragePooling2D1","trainable":true}},{"class_name":"Dense","config":{"units":128,"activation":"linear","use_bias":true,"kernel_initializer":{"class_name":"VarianceScaling","config":{"scale":1,"mode":"fan_avg","distribution":"normal","seed":null}},"bias_initializer":{"class_name":"Zeros","config":{}},"kernel_regularizer":null,"bias_regularizer":null,"activity_regularizer":null,"kernel_constraint":null,"bias_constraint":null,"name":"dense_Dense1","trainable":true}},{"class_name":"LeakyReLU","config":{"alpha":0.1,"name":"leaky_re_lu_LeakyReLU4","trainable":true}},{"class_name":"Dropout","config":{"rate":0.3,"noise_shape":null,"seed":null,"name":"dropout_Dropout4","trainable":true}},{"class_name":"Dense","config":{"units":14,"activation":"softmax","use_bias":true,"kernel_initializer":{"class_name":"VarianceScaling","config":{"scale":1,"mode":"fan_avg","distribution":"normal","seed":null}},"bias_initializer":{"class_name":"Zeros","config":{}},"kernel_regularizer":null,"bias_regularizer":null,"activity_regularizer":null,"kernel_constraint":null,"bias_constraint":null,"name":"dense_Dense2","trainable":true}}]},"keras_version":"tfjs-layers 4.22.0","backend":"tensor_flow.js"},"weightsManifest":[{"paths":["weights.bin"],"weights":[{"name":"conv2d_Conv2D1/kernel","shape":[3,3,1,32],"dtype":"float32"},{"name":"batch_normalization_BatchNormalization1/gamma","shape":[32],"dtype":"float32"},{"name":"batch_normalization_BatchNormalization1/beta","shape":[32],"dtype":"float32"},{"name":"conv2d_Conv2D2/kernel","shape":[3,3,32,64],"dtype":"float32"},{"name":"batch_normalization_BatchNormalization2/gamma","shape":[64],"dtype":"float32"},{"name":"batch_normalization_BatchNormalization2/beta","shape":[64],"dtype":"float32"},{"name":"conv2d_Conv2D3/kernel","shape":[3,3,64,128],"dtype":"float32"},{"name":"batch_normalization_BatchNormalization3/gamma","shape":[128],"dtype":"float32"},{"name":"batch_normalization_BatchNormalization3/beta","shape":[128],"dtype":"float32"},{"name":"dense_Dense1/kernel","shape":[128,128],"dtype":"float32"},{"name":"dense_Dense1/bias","shape":[128],"dtype":"float32"},{"name":"dense_Dense2/kernel","shape":[128,14],"dtype":"float32"},{"name":"dense_Dense2/bias","shape":[14],"dtype":"float32"},{"name":"batch_normalization_BatchNormalization1/moving_mean","shape":[32],"dtype":"float32"},{"name":"batch_normalization_BatchNormalization1/moving_variance","shape":[32],"dtype":"float32"},{"name":"batch_normalization_BatchNormalization2/moving_mean","shape":[64],"dtype":"float32"},{"name":"batch_normalization_BatchNormalization2/moving_variance","shape":[64],"dtype":"float32"},{"name":"batch_normalization_BatchNormalization3/moving_mean","shape":[128],"dtype":"float32"},{"name":"batch_normalization_BatchNormalization3/moving_variance","shape":[128],"dtype":"float32"}]}],"format":"layers-model","generatedBy":"TensorFlow.js tfjs-layers v4.22.0","convertedBy":null}